"","taxa_id","W","detected_0.9","detected_0.8","detected_0.7","detected_0.6"
"1","1CMET2_PWY_N10_formyl_tetrahydrofolatebiosynthesis",0,FALSE,FALSE,FALSE,FALSE
"2","7ALPHADEHYDROX_PWY_cholatedegradation_bacteria_anaerobic_",0,FALSE,FALSE,FALSE,FALSE
"3","ALLANTOINDEG_PWY_superpathwayofallantoindegradationinyeast",0,FALSE,FALSE,FALSE,FALSE
"4","ANAEROFRUCAT_PWY_homolacticfermentation",0,FALSE,FALSE,FALSE,FALSE
"5","ANAGLYCOLYSIS_PWY_glycolysisIII_fromglucose_",0,FALSE,FALSE,FALSE,FALSE
"6","ARG_POLYAMINE_SYN_superpathwayofarginineandpolyaminebiosynthesis",0,FALSE,FALSE,FALSE,FALSE
"7","ARGININE_SYN4_PWY_L_ornithinedenovobiosynthesis",0,FALSE,FALSE,FALSE,FALSE
"8","ARGORNPROST_PWY_arginine_ornithineandprolineinterconversion",0,FALSE,FALSE,FALSE,FALSE
"9","ARGSYN_PWY_L_argininebiosynthesisI_viaL_ornithine_",0,FALSE,FALSE,FALSE,FALSE
"10","ARGSYNBSUB_PWY_L_argininebiosynthesisII_acetylcycle_",0,FALSE,FALSE,FALSE,FALSE
"11","ARO_PWY_chorismatebiosynthesisI",0,FALSE,FALSE,FALSE,FALSE
"12","ASPASN_PWY_superpathwayofL_aspartateandL_asparaginebiosynthesis",0,FALSE,FALSE,FALSE,FALSE
"13","AST_PWY_L_argininedegradationII_ASTpathway_",0,FALSE,FALSE,FALSE,FALSE
"14","BIOTIN_BIOSYNTHESIS_PWY_biotinbiosynthesisI",0,FALSE,FALSE,FALSE,FALSE
"15","BRANCHED_CHAIN_AA_SYN_PWY_superpathwayofbranchedaminoacidbiosynthesis",0,FALSE,FALSE,FALSE,FALSE
"16","CALVIN_PWY_Calvin_Benson_Basshamcycle",0,FALSE,FALSE,FALSE,FALSE
"17","CENTFERM_PWY_pyruvatefermentationtobutanoate",0,FALSE,FALSE,FALSE,FALSE
"18","CITRULBIO_PWY_L_citrullinebiosynthesis",0,FALSE,FALSE,FALSE,FALSE
"19","COA_PWY_1_coenzymeAbiosynthesisII_mammalian_",0,FALSE,FALSE,FALSE,FALSE
"20","COA_PWY_coenzymeAbiosynthesisI",0,FALSE,FALSE,FALSE,FALSE
"21","COBALSYN_PWY_adenosylcobalaminsalvagefromcobinamideI",31,FALSE,FALSE,FALSE,FALSE
"22","COLANSYN_PWY_colanicacidbuildingblocksbiosynthesis",0,FALSE,FALSE,FALSE,FALSE
"23","COMPLETE_ARO_PWY_superpathwayofaromaticaminoacidbiosynthesis",0,FALSE,FALSE,FALSE,FALSE
"24","CRNFORCAT_PWY_creatininedegradationI",0,FALSE,FALSE,FALSE,FALSE
"25","DAPLYSINESYN_PWY_L_lysinebiosynthesisI",0,FALSE,FALSE,FALSE,FALSE
"26","DENOVOPURINE2_PWY_superpathwayofpurinenucleotidesdenovobiosynthesisII",0,FALSE,FALSE,FALSE,FALSE
"27","DTDPRHAMSYN_PWY_dTDP_L_rhamnosebiosynthesisI",0,FALSE,FALSE,FALSE,FALSE
"28","FAO_PWY_fattyacid_beta__oxidationI",0,FALSE,FALSE,FALSE,FALSE
"29","FASYN_ELONG_PWY_fattyacidelongation__saturated",0,FALSE,FALSE,FALSE,FALSE
"30","FASYN_INITIAL_PWY_superpathwayoffattyacidbiosynthesisinitiation_E_coli_",0,FALSE,FALSE,FALSE,FALSE
"31","FERMENTATION_PWY_mixedacidfermentation",0,FALSE,FALSE,FALSE,FALSE
"32","FOLSYN_PWY_superpathwayoftetrahydrofolatebiosynthesisandsalvage",0,FALSE,FALSE,FALSE,FALSE
"33","FUC_RHAMCAT_PWY_superpathwayoffucoseandrhamnosedegradation",0,FALSE,FALSE,FALSE,FALSE
"34","FUCCAT_PWY_fucosedegradation",0,FALSE,FALSE,FALSE,FALSE
"35","GALACT_GLUCUROCAT_PWY_superpathwayofhexuronideandhexuronatedegradation",0,FALSE,FALSE,FALSE,FALSE
"36","GALACTARDEG_PWY_D_galactaratedegradationI",0,FALSE,FALSE,FALSE,FALSE
"37","GALACTUROCAT_PWY_D_galacturonatedegradationI",0,FALSE,FALSE,FALSE,FALSE
"38","GLCMANNANAUT_PWY_superpathwayofN_acetylglucosamine_N_acetylmannosamineandN_acetylneuraminatedegradation",0,FALSE,FALSE,FALSE,FALSE
"39","GLUCARDEG_PWY_D_glucaratedegradationI",0,FALSE,FALSE,FALSE,FALSE
"40","GLUCARGALACTSUPER_PWY_superpathwayofD_glucarateandD_galactaratedegradation",0,FALSE,FALSE,FALSE,FALSE
"41","GLUCONEO_PWY_gluconeogenesisI",0,FALSE,FALSE,FALSE,FALSE
"42","GLUCOSE1PMETAB_PWY_glucoseandglucose_1_phosphatedegradation",0,FALSE,FALSE,FALSE,FALSE
"43","GLUCUROCAT_PWY_superpathwayof_beta__D_glucuronideandD_glucuronatedegradation",0,FALSE,FALSE,FALSE,FALSE
"44","GLUDEG_I_PWY_GABAshunt",0,FALSE,FALSE,FALSE,FALSE
"45","GLUTORN_PWY_L_ornithinebiosynthesis",0,FALSE,FALSE,FALSE,FALSE
"46","GLYCOCAT_PWY_glycogendegradationI_bacterial_",0,FALSE,FALSE,FALSE,FALSE
"47","GLYCOGENSYNTH_PWY_glycogenbiosynthesisI_fromADP_D_Glucose_",0,FALSE,FALSE,FALSE,FALSE
"48","GLYCOL_GLYOXDEG_PWY_superpathwayofglycolmetabolismanddegradation",0,FALSE,FALSE,FALSE,FALSE
"49","GLYCOLYSIS_E_D_superpathwayofglycolysisandEntner_Doudoroff",0,FALSE,FALSE,FALSE,FALSE
"50","GLYCOLYSIS_TCA_GLYOX_BYPASS_superpathwayofglycolysis_pyruvatedehydrogenase_TCA_andglyoxylatebypass",0,FALSE,FALSE,FALSE,FALSE
"51","GLYCOLYSIS_glycolysisI_fromglucose6_phosphate_",0,FALSE,FALSE,FALSE,FALSE
"52","GLYOXYLATE_BYPASS_glyoxylatecycle",0,FALSE,FALSE,FALSE,FALSE
"53","GOLPDLCAT_PWY_superpathwayofglyceroldegradationto1_3_propanediol",0,FALSE,FALSE,FALSE,FALSE
"54","HEME_BIOSYNTHESIS_II_hemebiosynthesisI_aerobic_",0,FALSE,FALSE,FALSE,FALSE
"55","HEMESYN2_PWY_hemebiosynthesisII_anaerobic_",0,FALSE,FALSE,FALSE,FALSE
"56","HEXITOLDEGSUPER_PWY_superpathwayofhexitoldegradation_bacteria_",0,FALSE,FALSE,FALSE,FALSE
"57","HISDEG_PWY_L_histidinedegradationI",0,FALSE,FALSE,FALSE,FALSE
"58","HISTSYN_PWY_L_histidinebiosynthesis",0,FALSE,FALSE,FALSE,FALSE
"59","HOMOSER_METSYN_PWY_L_methioninebiosynthesisI",0,FALSE,FALSE,FALSE,FALSE
"60","HSERMETANA_PWY_L_methioninebiosynthesisIII",0,FALSE,FALSE,FALSE,FALSE
"61","ILEUSYN_PWY_L_isoleucinebiosynthesisI_fromthreonine_",0,FALSE,FALSE,FALSE,FALSE
"62","KETOGLUCONMET_PWY_ketogluconatemetabolism",0,FALSE,FALSE,FALSE,FALSE
"63","LACTOSECAT_PWY_lactoseandgalactosedegradationI",0,FALSE,FALSE,FALSE,FALSE
"64","MET_SAM_PWY_superpathwayofS_adenosyl_L_methioninebiosynthesis",0,FALSE,FALSE,FALSE,FALSE
"65","METH_ACETATE_PWY_methanogenesisfromacetate",0,FALSE,FALSE,FALSE,FALSE
"66","METHGLYUT_PWY_superpathwayofmethylglyoxaldegradation",0,FALSE,FALSE,FALSE,FALSE
"67","METSYN_PWY_L_homoserineandL_methioninebiosynthesis",0,FALSE,FALSE,FALSE,FALSE
"68","NAD_BIOSYNTHESIS_II_NADsalvagepathwayII",0,FALSE,FALSE,FALSE,FALSE
"69","NAGLIPASYN_PWY_lipidIVAbiosynthesis",0,FALSE,FALSE,FALSE,FALSE
"70","NONMEVIPP_PWY_methylerythritolphosphatepathwayI",0,FALSE,FALSE,FALSE,FALSE
"71","NONOXIPENT_PWY_pentosephosphatepathway_non_oxidativebranch_",0,FALSE,FALSE,FALSE,FALSE
"72","OANTIGEN_PWY_O_antigenbuildingblocksbiosynthesis_E_coli_",0,FALSE,FALSE,FALSE,FALSE
"73","P105_PWY_TCAcycleIV_2_oxoglutaratedecarboxylase_",0,FALSE,FALSE,FALSE,FALSE
"74","P108_PWY_pyruvatefermentationtopropanoateI",0,FALSE,FALSE,FALSE,FALSE
"75","P122_PWY_heterolacticfermentation",0,FALSE,FALSE,FALSE,FALSE
"76","P124_PWY_Bifidobacteriumshunt",0,FALSE,FALSE,FALSE,FALSE
"77","P125_PWY_superpathwayof_R_R__butanediolbiosynthesis",0,FALSE,FALSE,FALSE,FALSE
"78","P161_PWY_acetylenedegradation",0,FALSE,FALSE,FALSE,FALSE
"79","P164_PWY_purinenucleobasesdegradationI_anaerobic_",0,FALSE,FALSE,FALSE,FALSE
"80","P185_PWY_formaldehydeassimilationIII_dihydroxyacetonecycle_",0,FALSE,FALSE,FALSE,FALSE
"81","P221_PWY_octaneoxidation",0,FALSE,FALSE,FALSE,FALSE
"82","P23_PWY_reductiveTCAcycleI",0,FALSE,FALSE,FALSE,FALSE
"83","P4_PWY_superpathwayofL_lysine_L_threonineandL_methioninebiosynthesisI",0,FALSE,FALSE,FALSE,FALSE
"84","P42_PWY_incompletereductiveTCAcycle",0,FALSE,FALSE,FALSE,FALSE
"85","P441_PWY_superpathwayofN_acetylneuraminatedegradation",0,FALSE,FALSE,FALSE,FALSE
"86","P461_PWY_hexitolfermentationtolactate_formate_ethanolandacetate",0,FALSE,FALSE,FALSE,FALSE
"87","PANTO_PWY_phosphopantothenatebiosynthesisI",0,FALSE,FALSE,FALSE,FALSE
"88","PANTOSYN_PWY_pantothenateandcoenzymeAbiosynthesisI",0,FALSE,FALSE,FALSE,FALSE
"89","PENTOSE_P_PWY_pentosephosphatepathway",0,FALSE,FALSE,FALSE,FALSE
"90","PEPTIDOGLYCANSYN_PWY_peptidoglycanbiosynthesisI_meso_diaminopimelatecontaining_",0,FALSE,FALSE,FALSE,FALSE
"91","PHOSLIPSYN_PWY_superpathwayofphospholipidbiosynthesisI_bacteria_",0,FALSE,FALSE,FALSE,FALSE
"92","POLYAMINSYN3_PWY_superpathwayofpolyaminebiosynthesisII",0,FALSE,FALSE,FALSE,FALSE
"93","POLYAMSYN_PWY_superpathwayofpolyaminebiosynthesisI",0,FALSE,FALSE,FALSE,FALSE
"94","POLYISOPRENSYN_PWY_polyisoprenoidbiosynthesis_E_coli_",0,FALSE,FALSE,FALSE,FALSE
"95","PPGPPMET_PWY_ppGppbiosynthesis",0,FALSE,FALSE,FALSE,FALSE
"96","PROPFERM_PWY_L_alaninefermentationtopropanoateandacetate",0,FALSE,FALSE,FALSE,FALSE
"97","PRPP_PWY_superpathwayofhistidine_purine_andpyrimidinebiosynthesis",0,FALSE,FALSE,FALSE,FALSE
"98","PWY_1042_glycolysisIV_plantcytosol_",0,FALSE,FALSE,FALSE,FALSE
"99","PWY_1269_CMP_3_deoxy_D_manno_octulosonatebiosynthesisI",0,FALSE,FALSE,FALSE,FALSE
"100","PWY_1861_formaldehydeassimilationII_RuMPCycle_",0,FALSE,FALSE,FALSE,FALSE
"101","PWY_241_C4photosyntheticcarbonassimilationcycle_NADP_MEtype",0,FALSE,FALSE,FALSE,FALSE
"102","PWY_2723_trehalosedegradationV",0,FALSE,FALSE,FALSE,FALSE
"103","PWY_2941_L_lysinebiosynthesisII",0,FALSE,FALSE,FALSE,FALSE
"104","PWY_2942_L_lysinebiosynthesisIII",0,FALSE,FALSE,FALSE,FALSE
"105","PWY_3001_superpathwayofL_isoleucinebiosynthesisI",0,FALSE,FALSE,FALSE,FALSE
"106","PWY_3781_aerobicrespirationI_cytochromec_",0,FALSE,FALSE,FALSE,FALSE
"107","PWY_3841_folatetransformationsII",0,FALSE,FALSE,FALSE,FALSE
"108","PWY_4041__gamma__glutamylcycle",0,FALSE,FALSE,FALSE,FALSE
"109","PWY_4242_pantothenateandcoenzymeAbiosynthesisIII",0,FALSE,FALSE,FALSE,FALSE
"110","PWY_4702_phytatedegradationI",0,FALSE,FALSE,FALSE,FALSE
"111","PWY_4722_creatininedegradationII",0,FALSE,FALSE,FALSE,FALSE
"112","PWY_4981_L_prolinebiosynthesisII_fromarginine_",0,FALSE,FALSE,FALSE,FALSE
"113","PWY_4984_ureacycle",0,FALSE,FALSE,FALSE,FALSE
"114","PWY_5005_biotinbiosynthesisII",0,FALSE,FALSE,FALSE,FALSE
"115","PWY_5022_4_aminobutanoatedegradationV",0,FALSE,FALSE,FALSE,FALSE
"116","PWY_5030_L_histidinedegradationIII",0,FALSE,FALSE,FALSE,FALSE
"117","PWY_5083_NAD_NADHphosphorylationanddephosphorylation",0,FALSE,FALSE,FALSE,FALSE
"118","PWY_5097_L_lysinebiosynthesisVI",0,FALSE,FALSE,FALSE,FALSE
"119","PWY_5100_pyruvatefermentationtoacetateandlactateII",0,FALSE,FALSE,FALSE,FALSE
"120","PWY_5101_L_isoleucinebiosynthesisII",0,FALSE,FALSE,FALSE,FALSE
"121","PWY_5103_L_isoleucinebiosynthesisIII",0,FALSE,FALSE,FALSE,FALSE
"122","PWY_5104_L_isoleucinebiosynthesisIV",0,FALSE,FALSE,FALSE,FALSE
"123","PWY_5121_superpathwayofgeranylgeranyldiphosphatebiosynthesisII_viaMEP_",0,FALSE,FALSE,FALSE,FALSE
"124","PWY_5136_fattyacid_beta__oxidationII_peroxisome_",0,FALSE,FALSE,FALSE,FALSE
"125","PWY_5138_unsaturated_evennumberedfattyacid_beta__oxidation",0,FALSE,FALSE,FALSE,FALSE
"126","PWY_5154_L_argininebiosynthesisIII_viaN_acetyl_L_citrulline_",0,FALSE,FALSE,FALSE,FALSE
"127","PWY_5173_superpathwayofacetyl_CoAbiosynthesis",0,FALSE,FALSE,FALSE,FALSE
"128","PWY_5177_glutaryl_CoAdegradation",0,FALSE,FALSE,FALSE,FALSE
"129","PWY_5188_tetrapyrrolebiosynthesisI_fromglutamate_",0,FALSE,FALSE,FALSE,FALSE
"130","PWY_5189_tetrapyrrolebiosynthesisII_fromglycine_",0,FALSE,FALSE,FALSE,FALSE
"131","PWY_5265_peptidoglycanbiosynthesisII_staphylococci_",0,FALSE,FALSE,FALSE,FALSE
"132","PWY_5304_superpathwayofsulfuroxidation_Acidianusambivalens_",0,FALSE,FALSE,FALSE,FALSE
"133","PWY_5345_superpathwayofL_methioninebiosynthesis_bysulfhydrylation_",0,FALSE,FALSE,FALSE,FALSE
"134","PWY_5347_superpathwayofL_methioninebiosynthesis_transsulfuration_",0,FALSE,FALSE,FALSE,FALSE
"135","PWY_5367_petroselinatebiosynthesis",0,FALSE,FALSE,FALSE,FALSE
"136","PWY_5384_sucrosedegradationIV_sucrosephosphorylase_",0,FALSE,FALSE,FALSE,FALSE
"137","PWY_5464_superpathwayofcytosolicglycolysis_plants__pyruvatedehydrogenaseandTCAcycle",0,FALSE,FALSE,FALSE,FALSE
"138","PWY_5484_glycolysisII_fromfructose6_phosphate_",0,FALSE,FALSE,FALSE,FALSE
"139","PWY_5505_L_glutamateandL_glutaminebiosynthesis",0,FALSE,FALSE,FALSE,FALSE
"140","PWY_561_superpathwayofglyoxylatecycleandfattyaciddegradation",0,FALSE,FALSE,FALSE,FALSE
"141","PWY_5656_mannosylglyceratebiosynthesisI",0,FALSE,FALSE,FALSE,FALSE
"142","PWY_5659_GDP_mannosebiosynthesis",0,FALSE,FALSE,FALSE,FALSE
"143","PWY_5667_CDP_diacylglycerolbiosynthesisI",0,FALSE,FALSE,FALSE,FALSE
"144","PWY_5675_nitratereductionV_assimilatory_",0,FALSE,FALSE,FALSE,FALSE
"145","PWY_5676_acetyl_CoAfermentationtobutanoateII",0,FALSE,FALSE,FALSE,FALSE
"146","PWY_5677_succinatefermentationtobutanoate",0,FALSE,FALSE,FALSE,FALSE
"147","PWY_5686_UMPbiosynthesis",0,FALSE,FALSE,FALSE,FALSE
"148","PWY_5690_TCAcycleII_plantsandfungi_",0,FALSE,FALSE,FALSE,FALSE
"149","PWY_5695_uratebiosynthesis_inosine5__phosphatedegradation",0,FALSE,FALSE,FALSE,FALSE
"150","PWY_5723_Rubiscoshunt",0,FALSE,FALSE,FALSE,FALSE
"151","PWY_5747_2_methylcitratecycleII",0,FALSE,FALSE,FALSE,FALSE
"152","PWY_5791_1_4_dihydroxy_2_naphthoatebiosynthesisII_plants_",0,FALSE,FALSE,FALSE,FALSE
"153","PWY_5837_1_4_dihydroxy_2_naphthoatebiosynthesisI",0,FALSE,FALSE,FALSE,FALSE
"154","PWY_5838_superpathwayofmenaquinol_8biosynthesisI",0,FALSE,FALSE,FALSE,FALSE
"155","PWY_5840_superpathwayofmenaquinol_7biosynthesis",0,FALSE,FALSE,FALSE,FALSE
"156","PWY_5845_superpathwayofmenaquinol_9biosynthesis",0,FALSE,FALSE,FALSE,FALSE
"157","PWY_5855_ubiquinol_7biosynthesis_prokaryotic_",0,FALSE,FALSE,FALSE,FALSE
"158","PWY_5856_ubiquinol_9biosynthesis_prokaryotic_",0,FALSE,FALSE,FALSE,FALSE
"159","PWY_5857_ubiquinol_10biosynthesis_prokaryotic_",0,FALSE,FALSE,FALSE,FALSE
"160","PWY_5861_superpathwayofdemethylmenaquinol_8biosynthesis",0,FALSE,FALSE,FALSE,FALSE
"161","PWY_5862_superpathwayofdemethylmenaquinol_9biosynthesis",0,FALSE,FALSE,FALSE,FALSE
"162","PWY_5863_superpathwayofphylloquinolbiosynthesis",0,FALSE,FALSE,FALSE,FALSE
"163","PWY_5897_superpathwayofmenaquinol_11biosynthesis",0,FALSE,FALSE,FALSE,FALSE
"164","PWY_5898_superpathwayofmenaquinol_12biosynthesis",0,FALSE,FALSE,FALSE,FALSE
"165","PWY_5899_superpathwayofmenaquinol_13biosynthesis",0,FALSE,FALSE,FALSE,FALSE
"166","PWY_5913_TCAcycleVI_obligateautotrophs_",0,FALSE,FALSE,FALSE,FALSE
"167","PWY_5918_superpathayofhemebiosynthesisfromglutamate",0,FALSE,FALSE,FALSE,FALSE
"168","PWY_5920_superpathwayofhemebiosynthesisfromglycine",0,FALSE,FALSE,FALSE,FALSE
"169","PWY_5941_glycogendegradationII_eukaryotic_",0,FALSE,FALSE,FALSE,FALSE
"170","PWY_5971_palmitatebiosynthesisII_bacteriaandplants_",0,FALSE,FALSE,FALSE,FALSE
"171","PWY_5973_cis_vaccenatebiosynthesis",0,FALSE,FALSE,FALSE,FALSE
"172","PWY_5989_stearatebiosynthesisII_bacteriaandplants_",0,FALSE,FALSE,FALSE,FALSE
"173","PWY_5994_palmitatebiosynthesisI_animalsandfungi_",0,FALSE,FALSE,FALSE,FALSE
"174","PWY_6113_superpathwayofmycolatebiosynthesis",0,FALSE,FALSE,FALSE,FALSE
"175","PWY_6121_5_aminoimidazoleribonucleotidebiosynthesisI",0,FALSE,FALSE,FALSE,FALSE
"176","PWY_6122_5_aminoimidazoleribonucleotidebiosynthesisII",0,FALSE,FALSE,FALSE,FALSE
"177","PWY_6123_inosine_5__phosphatebiosynthesisI",0,FALSE,FALSE,FALSE,FALSE
"178","PWY_6124_inosine_5__phosphatebiosynthesisII",0,FALSE,FALSE,FALSE,FALSE
"179","PWY_6125_superpathwayofguanosinenucleotidesdenovobiosynthesisII",0,FALSE,FALSE,FALSE,FALSE
"180","PWY_6126_superpathwayofadenosinenucleotidesdenovobiosynthesisII",0,FALSE,FALSE,FALSE,FALSE
"181","PWY_6143_CMP_pseudaminatebiosynthesis",0,FALSE,FALSE,FALSE,FALSE
"182","PWY_6147_6_hydroxymethyl_dihydropterindiphosphatebiosynthesisI",0,FALSE,FALSE,FALSE,FALSE
"183","PWY_6151_S_adenosyl_L_methioninecycleI",0,FALSE,FALSE,FALSE,FALSE
"184","PWY_6163_chorismatebiosynthesisfrom3_dehydroquinate",0,FALSE,FALSE,FALSE,FALSE
"185","PWY_6168_flavinbiosynthesisIII_fungi_",0,FALSE,FALSE,FALSE,FALSE
"186","PWY_621_sucrosedegradationIII_sucroseinvertase_",0,FALSE,FALSE,FALSE,FALSE
"187","PWY_622_starchbiosynthesis",0,FALSE,FALSE,FALSE,FALSE
"188","PWY_6263_superpathwayofmenaquinol_8biosynthesisII",0,FALSE,FALSE,FALSE,FALSE
"189","PWY_6270_isoprenebiosynthesisI",0,FALSE,FALSE,FALSE,FALSE
"190","PWY_6277_superpathwayof5_aminoimidazoleribonucleotidebiosynthesis",0,FALSE,FALSE,FALSE,FALSE
"191","PWY_6282_palmitoleatebiosynthesisI_from_5Z__dodec_5_enoate_",0,FALSE,FALSE,FALSE,FALSE
"192","PWY_6284_superpathwayofunsaturatedfattyacidsbiosynthesis_E_coli_",0,FALSE,FALSE,FALSE,FALSE
"193","PWY_6285_superpathwayoffattyacidsbiosynthesis_E_coli_",0,FALSE,FALSE,FALSE,FALSE
"194","PWY_6305_putrescinebiosynthesisIV",0,FALSE,FALSE,FALSE,FALSE
"195","PWY_6317_galactosedegradationI_Leloirpathway_",0,FALSE,FALSE,FALSE,FALSE
"196","PWY_6318_L_phenylalaninedegradationIV_mammalian_viasidechain_",0,FALSE,FALSE,FALSE,FALSE
"197","PWY_6353_purinenucleotidesdegradationII_aerobic_",0,FALSE,FALSE,FALSE,FALSE
"198","PWY_6385_peptidoglycanbiosynthesisIII_mycobacteria_",0,FALSE,FALSE,FALSE,FALSE
"199","PWY_6386_UDP_N_acetylmuramoyl_pentapeptidebiosynthesisII_lysine_containing_",0,FALSE,FALSE,FALSE,FALSE
"200","PWY_6387_UDP_N_acetylmuramoyl_pentapeptidebiosynthesisI_meso_diaminopimelatecontaining_",0,FALSE,FALSE,FALSE,FALSE
"201","PWY_6435_4_hydroxybenzoatebiosynthesisV",0,FALSE,FALSE,FALSE,FALSE
"202","PWY_6470_peptidoglycanbiosynthesisV__beta__lactamresistance_",0,FALSE,FALSE,FALSE,FALSE
"203","PWY_6471_peptidoglycanbiosynthesisIV_Enterococcusfaecium_",0,FALSE,FALSE,FALSE,FALSE
"204","PWY_6478_GDP_D_glycero__alpha__D_manno_heptosebiosynthesis",0,FALSE,FALSE,FALSE,FALSE
"205","PWY_6507_4_deoxy_L_threo_hex_4_enopyranuronatedegradation",0,FALSE,FALSE,FALSE,FALSE
"206","PWY_6519_8_amino_7_oxononanoatebiosynthesisI",0,FALSE,FALSE,FALSE,FALSE
"207","PWY_6527_stachyosedegradation",0,FALSE,FALSE,FALSE,FALSE
"208","PWY_6531_mannitolcycle",0,FALSE,FALSE,FALSE,FALSE
"209","PWY_6545_pyrimidinedeoxyribonucleotidesdenovobiosynthesisIII",0,FALSE,FALSE,FALSE,FALSE
"210","PWY_6549_L_glutaminebiosynthesisIII",0,FALSE,FALSE,FALSE,FALSE
"211","PWY_6562_norspermidinebiosynthesis",0,FALSE,FALSE,FALSE,FALSE
"212","PWY_6572_chondroitinsulfatedegradationI_bacterial_",0,FALSE,FALSE,FALSE,FALSE
"213","PWY_6588_pyruvatefermentationtoacetone",0,FALSE,FALSE,FALSE,FALSE
"214","PWY_6590_superpathwayofClostridiumacetobutylicumacidogenicfermentation",0,FALSE,FALSE,FALSE,FALSE
"215","PWY_6595_superpathwayofguanosinenucleotidesdegradation_plants_",0,FALSE,FALSE,FALSE,FALSE
"216","PWY_6606_guanosinenucleotidesdegradationII",0,FALSE,FALSE,FALSE,FALSE
"217","PWY_6608_guanosinenucleotidesdegradationIII",0,FALSE,FALSE,FALSE,FALSE
"218","PWY_6609_adenineandadenosinesalvageIII",0,FALSE,FALSE,FALSE,FALSE
"219","PWY_6612_superpathwayoftetrahydrofolatebiosynthesis",0,FALSE,FALSE,FALSE,FALSE
"220","PWY_6628_superpathwayofL_phenylalaninebiosynthesis",0,FALSE,FALSE,FALSE,FALSE
"221","PWY_6629_superpathwayofL_tryptophanbiosynthesis",0,FALSE,FALSE,FALSE,FALSE
"222","PWY_6630_superpathwayofL_tyrosinebiosynthesis",0,FALSE,FALSE,FALSE,FALSE
"223","PWY_6700_queuosinebiosynthesis",0,FALSE,FALSE,FALSE,FALSE
"224","PWY_6703_preQ0biosynthesis",0,FALSE,FALSE,FALSE,FALSE
"225","PWY_6708_ubiquinol_8biosynthesis_prokaryotic_",0,FALSE,FALSE,FALSE,FALSE
"226","PWY_6731_starchdegradationIII",0,FALSE,FALSE,FALSE,FALSE
"227","PWY_6737_starchdegradationV",0,FALSE,FALSE,FALSE,FALSE
"228","PWY_6749_CMP_legionaminatebiosynthesisI",0,FALSE,FALSE,FALSE,FALSE
"229","PWY_6803_phosphatidylcholineacylediting",0,FALSE,FALSE,FALSE,FALSE
"230","PWY_6823_molybdenumcofactorbiosynthesis",0,FALSE,FALSE,FALSE,FALSE
"231","PWY_6859_all_trans_farnesolbiosynthesis",0,FALSE,FALSE,FALSE,FALSE
"232","PWY_6876_isopropanolbiosynthesis",0,FALSE,FALSE,FALSE,FALSE
"233","PWY_6891_thiazolebiosynthesisII_Bacillus_",0,FALSE,FALSE,FALSE,FALSE
"234","PWY_6892_thiazolebiosynthesisI_E_coli_",0,FALSE,FALSE,FALSE,FALSE
"235","PWY_6895_superpathwayofthiamindiphosphatebiosynthesisII",0,FALSE,FALSE,FALSE,FALSE
"236","PWY_6897_thiaminsalvageII",0,FALSE,FALSE,FALSE,FALSE
"237","PWY_6901_superpathwayofglucoseandxylosedegradation",0,FALSE,FALSE,FALSE,FALSE
"238","PWY_6936_seleno_aminoacidbiosynthesis",0,FALSE,FALSE,FALSE,FALSE
"239","PWY_6969_TCAcycleV_2_oxoglutarate_ferredoxinoxidoreductase_",0,FALSE,FALSE,FALSE,FALSE
"240","PWY_7003_glyceroldegradationtobutanol",0,FALSE,FALSE,FALSE,FALSE
"241","PWY_7013_L_1_2_propanedioldegradation",140,FALSE,FALSE,FALSE,FALSE
"242","PWY_7046_4_coumaratedegradation_anaerobic_",0,FALSE,FALSE,FALSE,FALSE
"243","PWY_7111_pyruvatefermentationtoisobutanol_engineered_",0,FALSE,FALSE,FALSE,FALSE
"244","PWY_7115_C4photosyntheticcarbonassimilationcycle_NAD_MEtype",0,FALSE,FALSE,FALSE,FALSE
"245","PWY_7117_C4photosyntheticcarbonassimilationcycle_PEPCKtype",0,FALSE,FALSE,FALSE,FALSE
"246","PWY_7184_pyrimidinedeoxyribonucleotidesdenovobiosynthesisI",0,FALSE,FALSE,FALSE,FALSE
"247","PWY_7187_pyrimidinedeoxyribonucleotidesdenovobiosynthesisII",0,FALSE,FALSE,FALSE,FALSE
"248","PWY_7196_superpathwayofpyrimidineribonucleosidessalvage",0,FALSE,FALSE,FALSE,FALSE
"249","PWY_7197_pyrimidinedeoxyribonucleotidephosphorylation",0,FALSE,FALSE,FALSE,FALSE
"250","PWY_7198_pyrimidinedeoxyribonucleotidesdenovobiosynthesisIV",0,FALSE,FALSE,FALSE,FALSE
"251","PWY_7199_pyrimidinedeoxyribonucleosidessalvage",0,FALSE,FALSE,FALSE,FALSE
"252","PWY_7204_pyridoxal5__phosphatesalvageII_plants_",0,FALSE,FALSE,FALSE,FALSE
"253","PWY_7208_superpathwayofpyrimidinenucleobasessalvage",0,FALSE,FALSE,FALSE,FALSE
"254","PWY_7209_superpathwayofpyrimidineribonucleosidesdegradation",0,FALSE,FALSE,FALSE,FALSE
"255","PWY_7210_pyrimidinedeoxyribonucleotidesbiosynthesisfromCTP",0,FALSE,FALSE,FALSE,FALSE
"256","PWY_7211_superpathwayofpyrimidinedeoxyribonucleotidesdenovobiosynthesis",0,FALSE,FALSE,FALSE,FALSE
"257","PWY_7219_adenosineribonucleotidesdenovobiosynthesis",0,FALSE,FALSE,FALSE,FALSE
"258","PWY_7220_adenosinedeoxyribonucleotidesdenovobiosynthesisII",0,FALSE,FALSE,FALSE,FALSE
"259","PWY_7221_guanosineribonucleotidesdenovobiosynthesis",0,FALSE,FALSE,FALSE,FALSE
"260","PWY_7222_guanosinedeoxyribonucleotidesdenovobiosynthesisII",0,FALSE,FALSE,FALSE,FALSE
"261","PWY_7228_superpathwayofguanosinenucleotidesdenovobiosynthesisI",0,FALSE,FALSE,FALSE,FALSE
"262","PWY_7229_superpathwayofadenosinenucleotidesdenovobiosynthesisI",0,FALSE,FALSE,FALSE,FALSE
"263","PWY_7234_inosine_5__phosphatebiosynthesisIII",0,FALSE,FALSE,FALSE,FALSE
"264","PWY_7237_myo__chiro_andscillo_inositoldegradation",0,FALSE,FALSE,FALSE,FALSE
"265","PWY_7242_D_fructuronatedegradation",0,FALSE,FALSE,FALSE,FALSE
"266","PWY_724_superpathwayofL_lysine_L_threonineandL_methioninebiosynthesisII",0,FALSE,FALSE,FALSE,FALSE
"267","PWY_7254_TCAcycleVII_acetate_producers_",0,FALSE,FALSE,FALSE,FALSE
"268","PWY_7269_NAD_NADP_NADH_NADPHmitochondrialinterconversion_yeast_",0,FALSE,FALSE,FALSE,FALSE
"269","PWY_7282_4_amino_2_methyl_5_phosphomethylpyrimidinebiosynthesis_yeast_",0,FALSE,FALSE,FALSE,FALSE
"270","PWY_7288_fattyacid_beta__oxidation_peroxisome_yeast_",122,FALSE,FALSE,FALSE,FALSE
"271","PWY_7312_dTDP_D__beta__fucofuranosebiosynthesis",0,FALSE,FALSE,FALSE,FALSE
"272","PWY_7315_dTDP_N_acetylthomosaminebiosynthesis",0,FALSE,FALSE,FALSE,FALSE
"273","PWY_7316_dTDP_N_acetylviosaminebiosynthesis",0,FALSE,FALSE,FALSE,FALSE
"274","PWY_7323_superpathwayofGDP_mannose_derivedO_antigenbuildingblocksbiosynthesis",0,FALSE,FALSE,FALSE,FALSE
"275","PWY_7328_superpathwayofUDP_glucose_derivedO_antigenbuildingblocksbiosynthesis",0,FALSE,FALSE,FALSE,FALSE
"276","PWY_7332_superpathwayofUDP_N_acetylglucosamine_derivedO_antigenbuildingblocksbiosynthesis",0,FALSE,FALSE,FALSE,FALSE
"277","PWY_7357_thiaminformationfrompyrithiamineandoxythiamine_yeast_",0,FALSE,FALSE,FALSE,FALSE
"278","PWY_7371_1_4_dihydroxy_6_naphthoatebiosynthesisII",0,FALSE,FALSE,FALSE,FALSE
"279","PWY_7383_anaerobicenergymetabolism_invertebrates_cytosol_",0,FALSE,FALSE,FALSE,FALSE
"280","PWY_7385_1_3_propanediolbiosynthesis_engineered_",0,FALSE,FALSE,FALSE,FALSE
"281","PWY_7388_octanoyl__acyl_carrierprotein_biosynthesis_mitochondria_yeast_",0,FALSE,FALSE,FALSE,FALSE
"282","PWY_7392_taxadienebiosynthesis_engineered_",0,FALSE,FALSE,FALSE,FALSE
"283","PWY_7400_L_argininebiosynthesisIV_archaebacteria_",0,FALSE,FALSE,FALSE,FALSE
"284","PWY_7456_mannandegradation",0,FALSE,FALSE,FALSE,FALSE
"285","PWY_7539_6_hydroxymethyl_dihydropterindiphosphatebiosynthesisIII_Chlamydia_",0,FALSE,FALSE,FALSE,FALSE
"286","PWY_7560_methylerythritolphosphatepathwayII",0,FALSE,FALSE,FALSE,FALSE
"287","PWY_7616_methanoloxidationtocarbondioxide",0,FALSE,FALSE,FALSE,FALSE
"288","PWY_7663_gondoatebiosynthesis_anaerobic_",0,FALSE,FALSE,FALSE,FALSE
"289","PWY_7664_oleatebiosynthesisIV_anaerobic_",0,FALSE,FALSE,FALSE,FALSE
"290","PWY_821_superpathwayofsulfuraminoacidbiosynthesis_Saccharomycescerevisiae_",0,FALSE,FALSE,FALSE,FALSE
"291","PWY_841_superpathwayofpurinenucleotidesdenovobiosynthesisI",0,FALSE,FALSE,FALSE,FALSE
"292","PWY0_1061_superpathwayofL_alaninebiosynthesis",0,FALSE,FALSE,FALSE,FALSE
"293","PWY0_1241_ADP_L_glycero__beta__D_manno_heptosebiosynthesis",0,FALSE,FALSE,FALSE,FALSE
"294","PWY0_1261_anhydromuropeptidesrecycling",0,FALSE,FALSE,FALSE,FALSE
"295","PWY0_1296_purineribonucleosidesdegradation",0,FALSE,FALSE,FALSE,FALSE
"296","PWY0_1297_superpathwayofpurinedeoxyribonucleosidesdegradation",0,FALSE,FALSE,FALSE,FALSE
"297","PWY0_1298_superpathwayofpyrimidinedeoxyribonucleosidesdegradation",0,FALSE,FALSE,FALSE,FALSE
"298","PWY0_1319_CDP_diacylglycerolbiosynthesisII",0,FALSE,FALSE,FALSE,FALSE
"299","PWY0_1415_superpathwayofhemebiosynthesisfromuroporphyrinogen_III",0,FALSE,FALSE,FALSE,FALSE
"300","PWY0_1479_tRNAprocessing",0,FALSE,FALSE,FALSE,FALSE
"301","PWY0_1586_peptidoglycanmaturation_meso_diaminopimelatecontaining_",0,FALSE,FALSE,FALSE,FALSE
"302","PWY0_162_superpathwayofpyrimidineribonucleotidesdenovobiosynthesis",0,FALSE,FALSE,FALSE,FALSE
"303","PWY0_166_superpathwayofpyrimidinedeoxyribonucleotidesdenovobiosynthesis_E_coli_",0,FALSE,FALSE,FALSE,FALSE
"304","PWY0_42_2_methylcitratecycleI",0,FALSE,FALSE,FALSE,FALSE
"305","PWY0_781_aspartatesuperpathway",0,FALSE,FALSE,FALSE,FALSE
"306","PWY0_845_superpathwayofpyridoxal5__phosphatebiosynthesisandsalvage",0,FALSE,FALSE,FALSE,FALSE
"307","PWY0_862__5Z__dodec_5_enoatebiosynthesis",0,FALSE,FALSE,FALSE,FALSE
"308","PWY0_881_superpathwayoffattyacidbiosynthesisI_E_coli_",0,FALSE,FALSE,FALSE,FALSE
"309","PWY3O_355_stearatebiosynthesisIII_fungi_",0,FALSE,FALSE,FALSE,FALSE
"310","PWY4FS_7_phosphatidylglycerolbiosynthesisI_plastidic_",0,FALSE,FALSE,FALSE,FALSE
"311","PWY4FS_8_phosphatidylglycerolbiosynthesisII_non_plastidic_",0,FALSE,FALSE,FALSE,FALSE
"312","PWY4LZ_257_superpathwayoffermentation_Chlamydomonasreinhardtii_",0,FALSE,FALSE,FALSE,FALSE
"313","PWY66_389_phytoldegradation",0,FALSE,FALSE,FALSE,FALSE
"314","PWY66_391_fattyacid_beta__oxidationVI_peroxisome_",121,FALSE,FALSE,FALSE,FALSE
"315","PWY66_398_TCAcycleIII_animals_",0,FALSE,FALSE,FALSE,FALSE
"316","PWY66_399_gluconeogenesisIII",0,FALSE,FALSE,FALSE,FALSE
"317","PWY66_400_glycolysisVI_metazoan_",0,FALSE,FALSE,FALSE,FALSE
"318","PWY66_409_superpathwayofpurinenucleotidesalvage",0,FALSE,FALSE,FALSE,FALSE
"319","PWY66_422_D_galactosedegradationV_Leloirpathway_",0,FALSE,FALSE,FALSE,FALSE
"320","PWYG_321_mycolatebiosynthesis",0,FALSE,FALSE,FALSE,FALSE
"321","PYRIDNUCSAL_PWY_NADsalvagepathwayI",0,FALSE,FALSE,FALSE,FALSE
"322","PYRIDNUCSYN_PWY_NADbiosynthesisI_fromaspartate_",0,FALSE,FALSE,FALSE,FALSE
"323","PYRIDOXSYN_PWY_pyridoxal5__phosphatebiosynthesisI",0,FALSE,FALSE,FALSE,FALSE
"324","REDCITCYC_TCAcycleVIII_helicobacter_",0,FALSE,FALSE,FALSE,FALSE
"325","RHAMCAT_PWY_L_rhamnosedegradationI",0,FALSE,FALSE,FALSE,FALSE
"326","RIBOSYN2_PWY_flavinbiosynthesisI_bacteriaandplants_",0,FALSE,FALSE,FALSE,FALSE
"327","RUMP_PWY_formaldehydeoxidationI",0,FALSE,FALSE,FALSE,FALSE
"328","SALVADEHYPOX_PWY_adenosinenucleotidesdegradationII",0,FALSE,FALSE,FALSE,FALSE
"329","SER_GLYSYN_PWY_superpathwayofL_serineandglycinebiosynthesisI",0,FALSE,FALSE,FALSE,FALSE
"330","SO4ASSIM_PWY_sulfatereductionI_assimilatory_",0,FALSE,FALSE,FALSE,FALSE
"331","SULFATE_CYS_PWY_superpathwayofsulfateassimilationandcysteinebiosynthesis",0,FALSE,FALSE,FALSE,FALSE
"332","TCA_GLYOX_BYPASS_superpathwayofglyoxylatebypassandTCA",0,FALSE,FALSE,FALSE,FALSE
"333","TCA_TCAcycleI_prokaryotic_",0,FALSE,FALSE,FALSE,FALSE
"334","TEICHOICACID_PWY_teichoicacid_poly_glycerol_biosynthesis",0,FALSE,FALSE,FALSE,FALSE
"335","THISYN_PWY_superpathwayofthiamindiphosphatebiosynthesisI",0,FALSE,FALSE,FALSE,FALSE
"336","THISYNARA_PWY_superpathwayofthiamindiphosphatebiosynthesisIII_eukaryotes_",0,FALSE,FALSE,FALSE,FALSE
"337","THRESYN_PWY_superpathwayofL_threoninebiosynthesis",0,FALSE,FALSE,FALSE,FALSE
"338","TRNA_CHARGING_PWY_tRNAcharging",0,FALSE,FALSE,FALSE,FALSE
"339","TRPSYN_PWY_L_tryptophanbiosynthesis",0,FALSE,FALSE,FALSE,FALSE
"340","UDPNAGSYN_PWY_UDP_N_acetyl_D_glucosaminebiosynthesisI",0,FALSE,FALSE,FALSE,FALSE
"341","VALSYN_PWY_L_valinebiosynthesis",0,FALSE,FALSE,FALSE,FALSE
